iter	R2	RMSE
0	-7.208348249	1.02161227
1	-5.859395697	0.9339016484
2	-4.768245237	0.8564067303
3	-3.853451067	0.7855675606
4	-3.102697875	0.7222590326
5	-2.492235972	0.6663616645
6	-1.976854177	0.615229277
7	-1.552220258	0.5696620513
8	-1.201383303	0.5290613645
9	-0.9094205801	0.492730009
10	-0.6683942558	0.4605826313
11	-0.4717940741	0.4325952422
12	-0.3060722176	0.4075133206
13	-0.1665726692	0.3851359971
14	-0.05574454292	0.3663849588
15	0.04215554843	0.3489841538
16	0.1197344366	0.3345531087
17	0.1863724754	0.321640723
18	0.2424330585	0.310362128
19	0.2885746839	0.3007619357
20	0.3268434917	0.2925608695
21	0.3603420394	0.2851885717
22	0.3858722746	0.2794393522
23	0.4095131785	0.2740080477
24	0.4296857038	0.2692869719
25	0.4486967803	0.264760674
26	0.462214344	0.2614946578
27	0.4754379091	0.2582597132
28	0.4853292132	0.2558132131
29	0.4949512398	0.2534106531
30	0.502323074	0.2515544281
31	0.5088639342	0.2498958979
32	0.5172516725	0.2477528178
33	0.5222525127	0.2464662285
34	0.5291513464	0.24468023
35	0.5358629828	0.2429300934
36	0.5402332995	0.2417836728
37	0.5444090224	0.2406831967
38	0.5481005073	0.2397061301
39	0.5514400459	0.2388187731
40	0.5536873066	0.2382197875
41	0.5561853235	0.2375521927
42	0.5586205042	0.23689958
43	0.5614921153	0.2361276892
44	0.5632784893	0.2356462351
45	0.565583467	0.2350235523
46	0.5678167722	0.234418654
47	0.5695012129	0.2339613829
48	0.5716643413	0.2333728495
49	0.5731366089	0.2329714317
50	0.5760520079	0.2321744925
51	0.5778294512	0.2316872742
52	0.580301835	0.2310078557
53	0.5829147418	0.2302876424
54	0.5846994826	0.2297944047
55	0.5858456024	0.2294770996
56	0.5872542189	0.22908652
57	0.5878977703	0.228907855
58	0.5890468845	0.2285884865
59	0.5902026354	0.2282668229
60	0.5912275273	0.2279811997
61	0.5928188231	0.227537017
62	0.5940626447	0.2271892211
63	0.5953226558	0.2268363545
64	0.5961745817	0.226597461
65	0.5967650817	0.2264317276
66	0.5980965105	0.2260575946
67	0.598733054	0.2258785062
68	0.5993415157	0.2257071856
69	0.6002759554	0.225443828
70	0.6013574345	0.2251386451
71	0.6022149086	0.2248963798
72	0.6029417261	0.2246908249
73	0.6041979713	0.2243350958
74	0.6045428267	0.2242373449
75	0.6059522091	0.2238374049
76	0.6072371905	0.2234721424
77	0.6075690082	0.2233777245
78	0.6084869094	0.2231163299
79	0.6103526579	0.2225840666
80	0.6111737205	0.222349429
81	0.6118352776	0.2221601935
82	0.612397444	0.2219992615
83	0.613113467	0.2217941157
84	0.6138439011	0.2215846454
85	0.6151707416	0.221203633
86	0.6160037245	0.2209641
87	0.6165010556	0.2208209633
88	0.6175508782	0.2205185091
89	0.6181122241	0.2203566149
90	0.6185572542	0.2202281819
91	0.6188991348	0.2201294665
92	0.6192637687	0.2200241323
93	0.6197220869	0.2198916634
94	0.6201634629	0.2197640159
95	0.6213835205	0.2194107844
96	0.6221000787	0.2192030609
97	0.6229447072	0.2189579581
98	0.6236819239	0.2187438005
99	0.6250609477	0.2183426376
100	0.625762741	0.2181382001
101	0.6263747225	0.217959769
102	0.6268747963	0.2178138575
103	0.6274387672	0.2176491847
104	0.6279494962	0.2174999503
105	0.6283841038	0.2173728779
106	0.6291913945	0.2171366413
107	0.62957791	0.2170234447
108	0.6298653206	0.2169392341
109	0.6305640956	0.2167343582
110	0.631457581	0.2164721122
111	0.6322678424	0.2162340181
112	0.6326713176	0.2161153597
113	0.6328591394	0.2160601008
114	0.6332728205	0.2159383421
115	0.6346079748	0.2155448972
116	0.6349969926	0.2154301258
117	0.6357159725	0.2152178449
118	0.6364456965	0.2150021776
119	0.636874584	0.2148753204
120	0.6371839499	0.214783769
121	0.6378115158	0.214597932
122	0.6381041896	0.2145112093
123	0.6388331618	0.2142950538
124	0.6398649591	0.2139887312
125	0.6401769376	0.2138960238
126	0.6405247136	0.2137926314
127	0.6407617875	0.2137221217
128	0.6412687927	0.2135712518
129	0.6415299399	0.2134935004
130	0.641748195	0.2134284976
131	0.6422545809	0.2132776046
132	0.6425389715	0.2131928149
133	0.6431118746	0.2130219043
134	0.6435506635	0.2128909103
135	0.643858031	0.2127991022
136	0.644343634	0.2126539759
137	0.6449856232	0.2124619602
138	0.6451726977	0.2124059745
139	0.6460090385	0.2121555025
140	0.6462602922	0.2120801979
141	0.6468469013	0.2119042779
142	0.647161835	0.2118097712
143	0.6475231871	0.211701283
144	0.6480382624	0.2115465466
145	0.6484184413	0.2114322625
146	0.6487484755	0.2113330021
147	0.6490815748	0.2112327726
148	0.6495403788	0.2110946405
149	0.6502183432	0.2108903603
150	0.6505835735	0.2107802292
151	0.6509355476	0.2106740409
152	0.6512380025	0.2105827495
153	0.651385183	0.210538311
154	0.6515631801	0.2104845554
155	0.6519692584	0.2103618672
156	0.6523058517	0.2102601183
157	0.6526438081	0.2101579077
158	0.6528235511	0.2101035265
159	0.6530723128	0.2100282405
160	0.6536227635	0.2098615543
161	0.6539494613	0.2097625618
162	0.6546776521	0.2095417449
163	0.6552801791	0.2093588583
164	0.6556878504	0.2092350261
165	0.6559315009	0.209160981
166	0.6561022232	0.2091090831
167	0.6563377848	0.2090374535
168	0.6569072579	0.2088641866
169	0.6572503549	0.2087597271
170	0.6574805285	0.208689619
171	0.6576371714	0.208641894
172	0.657873437	0.2085698894
173	0.6581265494	0.2084927229
174	0.6585157409	0.2083740142
175	0.6590599912	0.208207897
176	0.6592154284	0.2081604298
177	0.6594388617	0.2080921791
178	0.6596751265	0.2080199844
179	0.6599739342	0.2079286428
180	0.6602069279	0.2078573919
181	0.6603534673	0.2078125667
182	0.6607222594	0.2076997134
183	0.6608665675	0.2076555373
184	0.6610577779	0.2075969888
185	0.6615286646	0.2074527332
186	0.661743328	0.207386938
187	0.661885491	0.207343353
188	0.6620614873	0.2072893825
189	0.6621591043	0.2072594415
190	0.6622535278	0.2072304759
191	0.6625909076	0.2071269473
192	0.6629039865	0.2070308293
193	0.6630161963	0.2069963691
194	0.6632727463	0.2069175596
195	0.6636128721	0.2068130303
196	0.6639217164	0.2067180687
197	0.6641208318	0.2066568228
198	0.6644910961	0.2065428849
199	0.6647995672	0.206447914
200	0.6648903645	0.2064199513
201	0.6652102378	0.2063214104
202	0.665553571	0.2062155901
203	0.6656884969	0.206173989
204	0.6659824501	0.2060833268
205	0.6662292884	0.2060071652
206	0.6664754085	0.2059311971
207	0.666711656	0.2058582499
208	0.6668593647	0.2058126281
209	0.6670567307	0.2057516532
210	0.6672789442	0.2056829802
211	0.6677058629	0.2055509806
212	0.6678766712	0.2054981444
213	0.668026434	0.205451807
214	0.6682039424	0.2053968715
215	0.6683678003	0.2053461475
216	0.6687223794	0.2052363407
217	0.6689170748	0.205176022
218	0.6690923972	0.2051216901
219	0.6691855247	0.2050928244
220	0.6693564751	0.205039826
221	0.6694528624	0.2050099378
222	0.6695761299	0.2049717082
223	0.6697178096	0.2049277594
224	0.6698733212	0.2048795091
225	0.6700644077	0.2048202056
226	0.6701915748	0.2047807298
227	0.6704819254	0.2046905695
228	0.6706090153	0.2046510927
229	0.6707199032	0.2046166424
230	0.6708622128	0.2045724216
231	0.6711854508	0.2044719442
232	0.6713554055	0.2044190946
233	0.6714581631	0.2043871341
234	0.6717858391	0.2042851844
235	0.6721821979	0.2041617975
236	0.6722967246	0.2041261313
237	0.6724007035	0.2040937445
238	0.6726399544	0.2040192045
239	0.6729198382	0.2039319705
240	0.6732236171	0.2038372466
241	0.6733982328	0.2037827782
242	0.6735626078	0.203731491
243	0.6736891651	0.2036919946
244	0.6739337533	0.203615641
245	0.6741551177	0.2035465125
246	0.6743593353	0.2034827179
247	0.674544485	0.2034248626
248	0.6747383408	0.2033642691
249	0.6749069935	0.2033115386
250	0.6750385572	0.2032703948
251	0.675290554	0.2031915648
252	0.6756018009	0.2030941579
253	0.6757536716	0.2030466119
254	0.6759650345	0.2029804222
255	0.676118192	0.2029324465
256	0.6762725637	0.2028840789
257	0.6764545539	0.2028270431
258	0.6766088595	0.2027786711
259	0.676873358	0.2026957288
260	0.6769699075	0.202665444
261	0.6770677096	0.2026347617
262	0.6773687904	0.202540278
263	0.6774844963	0.202503956
264	0.677834407	0.2023940737
265	0.677932042	0.2023634027
266	0.677987426	0.2023460024
267	0.678094551	0.2023123421
268	0.6782134491	0.2022749758
269	0.6783573333	0.202229748
270	0.6784823317	0.2021904484
271	0.6785554551	0.2021674548
272	0.6786748558	0.2021299037
273	0.6789578571	0.202040873
274	0.679090251	0.2019992091
275	0.6791610859	0.2019769141
276	0.6794624747	0.2018820255
277	0.679529077	0.2018610506
278	0.679639198	0.2018263656
279	0.6798342788	0.2017649061
280	0.6800995149	0.2016813143
281	0.6802975609	0.2016188756
282	0.6804854083	0.2015596344
283	0.6806050072	0.2015219075
284	0.6808274598	0.2014517171
285	0.6809110083	0.2014253488
286	0.6810493374	0.2013816839
287	0.6811427029	0.2013522068
288	0.6812344769	0.201323228
289	0.6813312171	0.2012926764
290	0.6816697238	0.2011857362
291	0.6817445086	0.2011621027
292	0.6818144871	0.2011399856
293	0.6820073326	0.201079023
294	0.6820940093	0.2010516166
295	0.6821509224	0.2010336192
296	0.6823644672	0.2009660763
297	0.6825241073	0.2009155683
298	0.6827547079	0.2008425869
299	0.6828741137	0.2008047864
300	0.6831202248	0.2007268523
301	0.683336015	0.2006584947
302	0.6835892776	0.200578237
303	0.683675414	0.2005509335
304	0.6837567738	0.2005251406
305	0.6839483361	0.200464398
306	0.6841426368	0.2004027683
307	0.6842921374	0.2003553356
308	0.6844157972	0.2003160932
309	0.6845160023	0.2002842882
310	0.6847062309	0.200223896
311	0.6848715277	0.2001714041
312	0.6850943712	0.2001006159
313	0.6852436701	0.2000531757
314	0.6853834776	0.2000087413
315	0.6855746001	0.1999479816
316	0.6856757843	0.1999158068
317	0.6858376267	0.1998643328
318	0.6859491283	0.199828862
319	0.6860417	0.1997994084
320	0.6861348678	0.1997697608
321	0.6862732762	0.1997257086
322	0.6863690958	0.1996952058
323	0.6864672834	0.1996639443
324	0.6865378184	0.199641484
325	0.6868295861	0.1995485502
326	0.6869615372	0.1995065069
327	0.6870133206	0.1994900048
328	0.6870613489	0.1994746982
329	0.6872160099	0.1994253998
330	0.6873488625	0.1993830431
331	0.6874304793	0.1993570172
332	0.6874832857	0.1993401765
333	0.6876900979	0.1992742075
334	0.687808986	0.1992362747
335	0.6879023819	0.1992064705
336	0.6879907108	0.199178279
337	0.6880595764	0.1991562969
338	0.6882139161	0.1991070222
339	0.688304689	0.1990780362
340	0.6884478227	0.1990323217
341	0.6885509261	0.1989993856
342	0.6886583457	0.1989650649
343	0.6887254783	0.198943613
344	0.688911825	0.1988840546
345	0.6890233284	0.1988484084
346	0.6891440573	0.1988098056
347	0.6892260142	0.1987835959
348	0.6893831794	0.1987333249
349	0.6896274829	0.1986551566
350	0.689775831	0.1986076755
351	0.6898529712	0.1985829811
352	0.6900657591	0.1985148468
353	0.6901694416	0.1984816394
354	0.6903851833	0.1984125238
355	0.6905111542	0.1983721564
356	0.6905872691	0.1983477613
357	0.6906336426	0.198332897
358	0.6907629528	0.1982914426
359	0.6909160521	0.1982423508
360	0.6909816414	0.1982213156
361	0.6910734395	0.1981918713
362	0.6912899594	0.1981224049
363	0.6913745143	0.1980952704
364	0.6914834079	0.19806032
365	0.6916046234	0.1980214074
366	0.6916552707	0.1980051464
367	0.6918074815	0.1979562689
368	0.6919374409	0.1979145271
369	0.6920037389	0.1978932294
370	0.6921214449	0.1978554117
371	0.6922240709	0.1978224331
372	0.6922747031	0.1978061605
373	0.6924131378	0.1977616626
374	0.6925497838	0.1977177297
375	0.6926339654	0.1976906597
376	0.6926917466	0.1976720771
377	0.6928007694	0.1976370102
378	0.6928831404	0.1976105117
379	0.6929559967	0.1975870711
380	0.6931887741	0.1975121591
381	0.6933585954	0.1974574897
382	0.6935024943	0.1974111534
383	0.6936276293	0.1973708503
384	0.693839881	0.1973024702
385	0.6938597628	0.1972960638
386	0.693929901	0.1972734617
387	0.6940804163	0.1972249494
388	0.6942327856	0.1971758274
389	0.6942960482	0.1971554287
390	0.694411509	0.1971181936
391	0.6944738089	0.1970980994
392	0.6945123522	0.1970856667
393	0.6945538376	0.1970722841
394	0.6946624418	0.1970372455
395	0.6947630525	0.1970047803
396	0.6948661596	0.196971504
397	0.694979667	0.1969348647
398	0.6951136996	0.1968915912
399	0.6951711306	0.1968730462
400	0.6952543588	0.196846168
401	0.6953412591	0.1968181
402	0.6954614037	0.1967792878
403	0.6955479488	0.196751325
404	0.695643113	0.1967205728
405	0.6957716621	0.1966790247
406	0.6959172032	0.196631974
407	0.6960074377	0.1966027972
408	0.6960596773	0.1965859039
409	0.6961888939	0.1965441114
410	0.6962716167	0.1965173517
411	0.6963620707	0.1964880869
412	0.6964257219	0.196467491
413	0.696481278	0.1964495128
414	0.6965382455	0.1964310761
415	0.6966476065	0.1963956782
416	0.6967430474	0.1963647807
417	0.6968963239	0.1963151497
418	0.6969854844	0.1962862736
419	0.6970381542	0.1962692137
420	0.6971728965	0.1962255635
421	0.6973079586	0.1961817999
422	0.6974263405	0.1961434331
423	0.697527892	0.196110515
424	0.697661823	0.1960670925
425	0.6977644196	0.1960338226
426	0.6978536438	0.1960048845
427	0.697980355	0.1959637809
428	0.6980626777	0.1959370717
429	0.6980999204	0.1959249873
430	0.6982750735	0.1958681443
431	0.6983427571	0.1958461743
432	0.6984999529	0.1957951392
433	0.6985648263	0.1957740735
434	0.6987436001	0.1957160105
435	0.6987896268	0.195701059
436	0.6988658367	0.1956763
437	0.698926556	0.1956565714
438	0.6990419905	0.1956190595
439	0.6991785914	0.19557466
440	0.6992435509	0.1955535426
441	0.6993004226	0.1955350526
442	0.6994671464	0.1954808375
443	0.6995200546	0.1954636298
444	0.6995481097	0.1954545046
445	0.6996153738	0.1954326245
446	0.6997331494	0.1953943079
447	0.6998261454	0.1953640477
448	0.69992209	0.1953328231
449	0.699999727	0.1953075529
450	0.7000761666	0.1952826693
451	0.7002302276	0.1952325077
452	0.700249209	0.1952263265
453	0.7002969663	0.1952107739
454	0.7003828999	0.1951827855
455	0.7004308556	0.1951671648
456	0.7005232578	0.1951370628
457	0.7006065104	0.1951099375
458	0.7007449693	0.1950648165
459	0.7009298135	0.1950045633
460	0.7010625588	0.1949612811
461	0.7011011125	0.1949487087
462	0.7011674954	0.1949270593
463	0.7013390295	0.1948711058
464	0.7013634598	0.1948631355
465	0.7014184261	0.1948452016
466	0.7015200901	0.1948120274
467	0.7016713786	0.1947626496
468	0.7018082577	0.194717964
469	0.7018838667	0.1946932763
470	0.7019290566	0.1946785194
471	0.7019623673	0.194667641
472	0.7020408289	0.1946420152
473	0.7021057406	0.1946208122
474	0.7021848149	0.19459498
475	0.7023081444	0.1945546836
476	0.7024078255	0.1945221079
477	0.7024755792	0.1944999629
478	0.7025643639	0.1944709402
479	0.7026712248	0.1944360029
480	0.7027475074	0.1944110591
481	0.7028133542	0.1943895251
482	0.702894842	0.1943628727
483	0.7029854292	0.1943332399
484	0.7030170716	0.194322888
485	0.7030883709	0.1942995602
486	0.7031506691	0.1942791751
487	0.7032680056	0.1942407746
488	0.7033252464	0.1942220388
489	0.7034843294	0.194169959
490	0.7035443062	0.1941503204
491	0.7036544549	0.1941142486
492	0.7037061465	0.1940973181
493	0.7038209234	0.1940597203
494	0.703941688	0.1940201531
495	0.7040421331	0.1939872372
496	0.7041472263	0.1939527922
497	0.7041983516	0.1939360333
498	0.7042624676	0.193915014
499	0.7043602959	0.1938829384
500	0.7044774824	0.1938445086
501	0.7045733756	0.1938130561
502	0.7047143805	0.1937667978
503	0.7047751486	0.1937468587
504	0.7048672286	0.1937166418
505	0.7048978131	0.1937066041
506	0.7050196215	0.1936666222
507	0.7050836525	0.1936456016
508	0.7052118329	0.1936035146
509	0.70531935	0.1935682052
510	0.7054206302	0.1935349381
511	0.705567745	0.1934866058
512	0.7056345142	0.1934646658
513	0.7056772109	0.1934506346
514	0.7057894005	0.1934137615
515	0.7058403203	0.1933970234
516	0.7059566602	0.1933587755
517	0.705989407	0.1933480082
518	0.7060581865	0.1933253914
519	0.7060946198	0.19331341
520	0.70615472	0.1932936438
521	0.7062344346	0.1932674236
522	0.7063301857	0.1932359239
523	0.7063746308	0.1932213008
524	0.7064538999	0.1931952174
525	0.7065114088	0.1931762919
526	0.7066148067	0.1931422603
527	0.7067001189	0.1931141768
528	0.706744225	0.1930996561
529	0.7067763895	0.1930890661
530	0.7068507444	0.1930645831
531	0.7069164958	0.1930429303
532	0.706981564	0.1930215001
533	0.7070416343	0.1930017139
534	0.7072186608	0.1929433924
535	0.7072420547	0.1929356839
536	0.7073083563	0.1929138353
537	0.7073611217	0.1928964457
538	0.7074229495	0.1928760673
539	0.7074791402	0.1928575451
540	0.7075996743	0.1928178072
541	0.7077049956	0.192783078
542	0.7077633262	0.1927638411
543	0.7078637158	0.192730729
544	0.7079466821	0.1927033594
545	0.7080394951	0.1926727369
546	0.7080723957	0.1926618806
547	0.7081521088	0.1926355749
548	0.7082402044	0.1926064988
549	0.7082953416	0.1925882984
550	0.7083386807	0.1925739912
551	0.7083615758	0.1925664327
552	0.7084817034	0.192526769
553	0.7085957809	0.1924890953
554	0.7086489575	0.1924715314
555	0.7087206523	0.1924478485
556	0.7088301344	0.1924116778
557	0.7089504416	0.1923719228
558	0.7090166528	0.1923500401
559	0.7090515978	0.1923384898
560	0.7091398124	0.1923093294
561	0.7092410866	0.1922758466
562	0.7093098307	0.1922531153
563	0.7093679211	0.1922339048
564	0.7094553638	0.1922049839
565	0.7095433944	0.1921758641
566	0.7096012501	0.1921567235
567	0.7097154548	0.1921189352
568	0.7097778488	0.192098287
569	0.7098683899	0.19206832
570	0.709948696	0.1920417367
571	0.7099899269	0.1920280868
572	0.7100076365	0.1920222236
573	0.7100686066	0.1920020364
574	0.7101237394	0.1919837802
575	0.7101542552	0.1919736747
576	0.7102643701	0.191937205
577	0.7102828321	0.1919310897
578	0.7103811613	0.1918985166
579	0.7104859222	0.1918638067
580	0.710507842	0.1918565433
581	0.7105588889	0.1918396273
582	0.7106059641	0.1918240261
583	0.7106567549	0.1918071921
584	0.710734026	0.1917815786
585	0.7107784319	0.1917668576
586	0.7108001396	0.1917596609
587	0.7109369991	0.1917142819
588	0.7109974657	0.1916942293
589	0.7111376941	0.1916477172
590	0.7111766047	0.191634809
591	0.7112252383	0.191618674
592	0.7112931413	0.191596144
593	0.7113422307	0.1915798545
594	0.7113926288	0.1915631294
595	0.7114553138	0.1915423247
596	0.7115461888	0.1915121599
597	0.7116663343	0.1914722718
598	0.7117207252	0.1914542115
599	0.7117937007	0.1914299774
600	0.7118590292	0.1914082802
601	0.7119562238	0.1913759949
602	0.7120240815	0.1913534513
603	0.7121309393	0.1913179457
604	0.7121924786	0.1912974951
605	0.7122171219	0.1912893051
606	0.7122745481	0.1912702185
607	0.712334496	0.1912502918
608	0.7123984834	0.1912290201
609	0.7124658771	0.1912066134
610	0.7125076515	0.1911927232
611	0.7125270065	0.1911862872
612	0.7125744445	0.191170512
613	0.7126332849	0.1911509432
614	0.712698921	0.191129112
615	0.7127817231	0.1911015677
616	0.7128035952	0.1910942912
617	0.7128889409	0.1910658955
618	0.7129866454	0.1910333827
619	0.7130000591	0.1910289186
620	0.7131187912	0.1909894001
621	0.7132260569	0.1909536911
622	0.7133378765	0.1909164589
623	0.713409769	0.1908925172
624	0.7134730301	0.1908714475
625	0.7135086345	0.1908595881
626	0.7136223384	0.1908217098
627	0.7136548872	0.1908108654
628	0.7137133135	0.1907913977
629	0.7137713214	0.1907720675
630	0.7138472488	0.1907467629
631	0.7139425038	0.1907150122
632	0.7140338432	0.1906845617
633	0.7141319507	0.1906518495
634	0.7141904134	0.1906323535
635	0.7143103117	0.1905923637
636	0.7143601613	0.1905757349
637	0.7144605129	0.1905422552
638	0.7145092156	0.1905260047
639	0.7146491676	0.1904792996
640	0.7147279092	0.1904530167
641	0.7147940405	0.1904309402
642	0.7149194489	0.1903890683
643	0.7149946352	0.1903639603
644	0.7150737967	0.1903375212
645	0.7152047918	0.1902937623
646	0.7152338663	0.1902840485
647	0.715282352	0.1902678485
648	0.7153878935	0.1902325802
649	0.7154404357	0.19021502
650	0.7155493409	0.1901786174
651	0.7156145002	0.190156834
652	0.7156778783	0.1901356437
653	0.7157334335	0.190117067
654	0.7157973807	0.1900956819
655	0.7158556706	0.1900761866
656	0.7159198703	0.1900547124
657	0.7159815548	0.1900340773
658	0.71604375	0.190013269
659	0.7160759731	0.1900024874
660	0.7161164675	0.1899889375
661	0.7161601771	0.1899743106
662	0.7162888429	0.1899312477
663	0.716336863	0.1899151734
664	0.7163958902	0.1898954127
665	0.7164519905	0.18987663
666	0.7165235751	0.1898526603
667	0.7165625494	0.1898396087
668	0.7166138726	0.1898224204
669	0.71672327	0.1897857777
670	0.7167440601	0.1897788133
671	0.7167660669	0.1897714409
672	0.7168524445	0.1897425015
673	0.7169042585	0.18972514
674	0.7169485774	0.1897102885
675	0.7170024696	0.1896922275
676	0.7171161512	0.1896541235
677	0.7171731022	0.1896350317
678	0.7172152433	0.1896209034
679	0.7172716279	0.1896019981
680	0.7173199373	0.1895857989
681	0.7173885448	0.189562791
682	0.7174472576	0.189543099
683	0.7175021844	0.189524675
684	0.7175602766	0.1895051873
685	0.7176472277	0.1894760148
686	0.7177287892	0.1894486464
687	0.7177755177	0.1894329647
688	0.7178154555	0.1894195608
689	0.7178915379	0.1893940235
690	0.717946576	0.1893755476
691	0.7180079716	0.1893549355
692	0.7180497322	0.189340914
693	0.718090514	0.1893272202
694	0.7181602921	0.1893037877
695	0.7182208616	0.1892834452
696	0.7182523132	0.1892728812
697	0.7183058621	0.1892548938
698	0.7183722827	0.1892325802
699	0.7184575908	0.1892039178
700	0.7185289266	0.1891799465
701	0.7185601705	0.1891694465
702	0.7186155737	0.189150826
703	0.7186569132	0.1891369309
704	0.7187041038	0.189121068
705	0.7187655597	0.1891004079
706	0.7187730721	0.1890978822
707	0.7188573585	0.1890695428
708	0.7189030736	0.1890541704
709	0.7189324197	0.1890443017
710	0.7189537932	0.1890371137
711	0.7190542347	0.1890033312
712	0.7191105089	0.1889844013
713	0.7191689677	0.1889647346
714	0.7192277942	0.188944942
715	0.7192789174	0.1889277396
716	0.7193245683	0.1889123773
717	0.7193953721	0.1888885481
718	0.7194425645	0.1888726636
719	0.7195416027	0.1888393242
720	0.7196232552	0.1888118329
721	0.7196868981	0.1887904024
722	0.7197258553	0.1887772832
723	0.7197871182	0.1887566504
724	0.7198487611	0.1887358873
725	0.719887694	0.1887227725
726	0.7199561831	0.1886996991
727	0.7200212181	0.1886777869
728	0.7201016907	0.1886506697
729	0.720140541	0.1886375767
730	0.7201797661	0.1886243565
731	0.7202984423	0.188584353
732	0.720383618	0.1885556366
733	0.7204954679	0.1885179206
734	0.7205814528	0.1884889212
735	0.7206548677	0.1884641576
736	0.7206692774	0.1884592967
737	0.7206916574	0.1884517468
738	0.7207879592	0.1884192562
739	0.7208655007	0.1883930909
740	0.7208996981	0.1883815503
741	0.7210028526	0.1883467345
742	0.7210840967	0.1883193092
743	0.7211355845	0.1883019266
744	0.7212029758	0.1882791723
745	0.7212651633	0.1882581727
746	0.7213050612	0.1882446987
747	0.7213696825	0.1882228732
748	0.7214377354	0.1881998859
749	0.72151892	0.1881724593
750	0.721575869	0.1881532178
751	0.7216082388	0.1881422801
752	0.7216614739	0.1881242906
753	0.7217134883	0.1881067119
754	0.7217761009	0.1880855493
755	0.7218158247	0.1880721218
756	0.7219220092	0.1880362243
757	0.7219830173	0.1880155963
758	0.7220257072	0.1880011607
759	0.7221003027	0.1879759336
760	0.7221595584	0.1879558918
761	0.7222122313	0.1879380746
762	0.7222627362	0.1879209892
763	0.7223073751	0.1879058869
764	0.7223728964	0.1878837175
765	0.72251136	0.1878368592
766	0.7225373772	0.1878280532
767	0.7226100898	0.1878034403
768	0.7226859037	0.1877777741
769	0.7227537614	0.1877547984
770	0.7228095389	0.1877359108
771	0.7228513823	0.1877217404
772	0.7229388634	0.1876921112
773	0.7229676525	0.1876823595
774	0.7230563883	0.187652299
775	0.723124932	0.1876290755
776	0.7231806771	0.1876101862
777	0.7232653109	0.1875815044
778	0.7233396629	0.1875563034
779	0.7234138671	0.1875311491
780	0.7234760181	0.1875100781
781	0.7234857705	0.1875067715
782	0.7235599466	0.1874816201
783	0.7235841125	0.1874734252
784	0.7236163288	0.1874624999
785	0.723726042	0.1874252887
786	0.7237777697	0.1874077417
787	0.7238349905	0.1873883295
788	0.7238628213	0.1873788871
789	0.723925534	0.1873576084
790	0.7239396325	0.1873528244
791	0.7240000807	0.1873323112
792	0.7240893011	0.18730203
793	0.7241757194	0.1872726951
794	0.7242374669	0.187251732
795	0.7242929263	0.1872329017
796	0.7243386309	0.187217382
797	0.7244021466	0.1871958122
798	0.7244498186	0.1871796213
799	0.7245127385	0.1871582495
800	0.724558766	0.187142614
801	0.7246084893	0.1871257215
802	0.7246681782	0.1871054414
803	0.7247016026	0.187094084
804	0.7247465461	0.1870788115
805	0.7248113028	0.187056804
806	0.7249310252	0.1870161095
807	0.7250051847	0.1869908977
808	0.7250378494	0.1869797917
809	0.7251220481	0.1869511611
810	0.7251995481	0.1869248044
811	0.7252433244	0.1869099151
812	0.7253230847	0.1868827836
813	0.7254457622	0.1868410457
814	0.725475722	0.1868308513
815	0.725507444	0.1868200565
816	0.7255464393	0.1868067859
817	0.7256029878	0.1867875401
818	0.7256277384	0.1867791158
819	0.72565942	0.1867683318
820	0.7257544929	0.1867359667
821	0.7257600617	0.1867340708
822	0.7257998753	0.1867205154
823	0.7258264859	0.1867114548
824	0.7258733371	0.1866955013
825	0.72594727	0.1866703234
826	0.7259988117	0.1866527688
827	0.7260380373	0.1866394079
828	0.7260963934	0.186619529
829	0.7261585519	0.1865983525
830	0.7261954147	0.1865857927
831	0.7262342419	0.1865725627
832	0.7262743904	0.1865588815
833	0.7263569764	0.186530736
834	0.726369434	0.1865264901
835	0.7264015999	0.1865155264
836	0.7264388329	0.1865028349
837	0.7264826568	0.1864878956
838	0.7265262991	0.1864730171
839	0.7265530652	0.1864638914
840	0.7265868653	0.1864523668
841	0.7266258198	0.1864390839
842	0.7266802825	0.1864205115
843	0.7266925219	0.1864163374
844	0.7267616469	0.1863927617
845	0.7268303941	0.1863693119
846	0.7268905989	0.1863487734
847	0.7269217695	0.1863381389
848	0.7269800914	0.1863182395
849	0.7270214336	0.1863041324
850	0.7270590603	0.1862912921
851	0.7271128994	0.1862729176
852	0.7271558242	0.1862582668
853	0.7271767938	0.1862511092
854	0.727212522	0.1862389133
855	0.7272757931	0.1862173137
856	0.7273267487	0.1861999165
857	0.7273506495	0.1861917558
858	0.7273896579	0.1861784359
859	0.7274779522	0.1861482833
860	0.7275410119	0.1861267454
861	0.7275735685	0.1861156247
862	0.7276278431	0.1860970842
863	0.727644893	0.1860912595
864	0.7276840747	0.1860778732
865	0.7277474641	0.1860562144
866	0.7278007444	0.1860380078
867	0.7278431113	0.1860235291
868	0.7278928381	0.1860065338
869	0.7279086213	0.1860011392
870	0.7279856819	0.1859747981
871	0.7280412358	0.1859558062
872	0.7281334223	0.1859242866
873	0.7282059665	0.1858994791
874	0.7282558312	0.1858824254
875	0.7283201764	0.1858604169
876	0.728373232	0.1858422679
877	0.72843925	0.1858196824
878	0.7284727434	0.1858082228
879	0.7284904499	0.1858021644
880	0.7285211681	0.1857916533
881	0.7285680575	0.1857756078
882	0.7285994751	0.185764856
883	0.7286304709	0.1857542479
884	0.7286898448	0.1857339259
885	0.728759076	0.1857102272
886	0.7288041186	0.1856948069
887	0.7289002411	0.1856618952
888	0.7289708701	0.1856377086
889	0.7290072426	0.1856252517
890	0.7290579757	0.1856078753
891	0.7290961069	0.185594814
892	0.7291553884	0.1855745062
893	0.7291785238	0.1855665802
894	0.7292676902	0.1855360293
895	0.7293212086	0.18551769
896	0.7294053459	0.1854888547
897	0.7294564631	0.1854713339
898	0.7295191206	0.1854498552
899	0.7295504305	0.1854391213
900	0.729596841	0.1854232095
901	0.7296871243	0.185392252
902	0.7297030544	0.1853867892
903	0.7297267596	0.1853786597
904	0.7297715075	0.1853633129
905	0.7298723725	0.1853287155
906	0.7298906511	0.1853224451
907	0.7299338538	0.1853076238
908	0.7299513685	0.1853016148
909	0.7299768548	0.1852928705
910	0.7300580487	0.1852650103
911	0.7301781507	0.1852237919
912	0.7302270855	0.1852069951
913	0.7303039688	0.1851806019
914	0.7303457287	0.1851662646
915	0.7304265335	0.185138519
916	0.730462293	0.1851262391
917	0.7305038871	0.1851119545
918	0.7305348406	0.1851013235
919	0.7305693429	0.1850894729
920	0.7305840478	0.185084422
921	0.7306380574	0.1850658692
922	0.7306700962	0.1850548627
923	0.7307026524	0.1850436778
924	0.7307278575	0.1850350179
925	0.7308331671	0.1849988317
926	0.7308778725	0.1849834681
927	0.730900679	0.1849756298
928	0.7309354513	0.1849636783
929	0.7309928435	0.1849439507
930	0.731028548	0.1849316767
931	0.7310744555	0.1849158942
932	0.7311172593	0.1849011774
933	0.7311233445	0.1848990851
934	0.7311524944	0.1848890621
935	0.7311841762	0.1848781678
936	0.7312362087	0.1848602743
937	0.7312778994	0.1848459359
938	0.7313304158	0.1848278728
939	0.7313661278	0.1848155886
940	0.7313958401	0.1848053675
941	0.7314381871	0.1847907991
942	0.731508862	0.1847664827
943	0.7315570497	0.1847499014
944	0.7315776101	0.1847428261
945	0.7316051675	0.1847333426
946	0.73163349	0.1847235953
947	0.7316908234	0.1847038623
948	0.7317165348	0.1846950122
949	0.7317586617	0.1846805108
950	0.7318082887	0.1846634263
951	0.7318397045	0.1846526103
952	0.7318477939	0.1846498251
953	0.7318828649	0.1846377498
954	0.7319068515	0.1846294905
955	0.73196315	0.1846101037
956	0.732008962	0.1845943266
957	0.7320373863	0.1845845369
958	0.7320465869	0.1845813679
959	0.7320830396	0.1845688122
960	0.7321207791	0.1845558123
961	0.7322135061	0.1845238673
962	0.7322330358	0.1845171385
963	0.7322793119	0.1845011935
964	0.7323266874	0.1844848683
965	0.7323484497	0.1844773686
966	0.7323939458	0.184461689
967	0.7324193142	0.1844529455
968	0.7325021358	0.1844243974
969	0.732527167	0.1844157684
970	0.7325508439	0.1844076059
971	0.7325830509	0.1843965021
972	0.7326097601	0.1843872932
973	0.7326361169	0.1843782054
974	0.7327111242	0.1843523405
975	0.7327671876	0.1843330057
976	0.7328172589	0.1843157357
977	0.7328603555	0.1843008701
978	0.7329011585	0.1842867944
979	0.7329109721	0.1842834089
980	0.7329462965	0.1842712221
981	0.7330132194	0.1842481318
982	0.7330490758	0.1842357591
983	0.733070836	0.18422825
984	0.7330859421	0.184223037
985	0.7331408453	0.184204089
986	0.7331808468	0.1841902827
987	0.7332002062	0.1841836005
988	0.7332219709	0.1841760877
989	0.7332947337	0.1841509693
990	0.7333505672	0.1841316927
991	0.7333929113	0.1841170721
992	0.7334297548	0.1841043497
993	0.7334415308	0.1841002831
994	0.7334704052	0.1840903117
995	0.733501245	0.184079661
996	0.733525806	0.1840711782
997	0.7335502164	0.1840627471
998	0.7336141366	0.1840406678
999	0.733679942	0.1840179346
1000	0.7337353415	0.1839987941
1001	0.7337448602	0.1839955051
1002	0.7337928648	0.1839789176
1003	0.7338968899	0.1839429676
1004	0.7339002681	0.1839418
1005	0.7339226763	0.183934055
1006	0.7339708774	0.183917394
1007	0.733990762	0.1839105203
1008	0.7340673744	0.1838840347
1009	0.7340812453	0.183879239
1010	0.7341176194	0.1838666625
1011	0.7341563736	0.1838532621
1012	0.7342116519	0.1838341463
1013	0.7342546478	0.1838192765
1014	0.7343383468	0.1837903264
1015	0.7344276404	0.1837594362
1016	0.7344734777	0.1837435773
1017	0.7345229107	0.1837264727
1018	0.7345936627	0.1837019887
1019	0.7346225092	0.1836920053
1020	0.7346618525	0.1836783883
1021	0.7347083765	0.1836622846
1022	0.7347400613	0.1836513166
1023	0.7347837945	0.1836361767
1024	0.7348151121	0.1836253342
1025	0.7348817206	0.1836022715
1026	0.7349173468	0.183589935
1027	0.7349704273	0.1835715529
1028	0.7350352233	0.1835491112
1029	0.7350854334	0.1835317194
1030	0.735134045	0.1835148796
1031	0.7352111065	0.1834881813
1032	0.7352789168	0.1834646848
1033	0.735315784	0.183451909
1034	0.7353698294	0.1834331787
1035	0.7354123409	0.1834184443
1036	0.7354625494	0.1834010406
1037	0.7355208263	0.1833808381
1038	0.7355799491	0.1833603401
1039	0.7356097511	0.1833500068
1040	0.7356609281	0.1833322608
1041	0.7357294865	0.1833084849
1042	0.7357899292	0.183287521
1043	0.7358247558	0.1832754407
1044	0.7358483541	0.1832672547
1045	0.7358617627	0.1832626032
1046	0.7358855727	0.1832543431
1047	0.7359417741	0.1832348446
1048	0.7359832293	0.1832204607
1049	0.7360331654	0.1832031328
1050	0.7360618552	0.1831931766
1051	0.7361094482	0.1831766593
1052	0.7361482547	0.1831631902
1053	0.7362114422	0.1831412569
1054	0.7362625861	0.1831235021
1055	0.7362983438	0.1831110877
1056	0.7363076464	0.1831078578
1057	0.7363328674	0.1830991009
1058	0.7363689583	0.1830865691
1059	0.7364484775	0.1830589548
1060	0.7365164106	0.1830353606
1061	0.7365529212	0.1830226787
1062	0.7366126686	0.1830019235
1063	0.7366834627	0.182977328
1064	0.7367419168	0.1829570171
1065	0.736767248	0.1829482147
1066	0.7368079667	0.1829340642
1067	0.7368575419	0.1829168346
1068	0.7368811037	0.1829086452
1069	0.7369158444	0.1828965697
1070	0.7369605001	0.1828810467
1071	0.7369923295	0.1828699815
1072	0.7370334895	0.1828556716
1073	0.7371162307	0.182826902
1074	0.7371760615	0.1828060957
1075	0.7372002104	0.1827976971
1076	0.7372350515	0.1827855794
1077	0.7372676948	0.1827742253
1078	0.7373357618	0.1827505478
1079	0.7373691033	0.1827389486
1080	0.737399641	0.1827283242
1081	0.7374388765	0.1827146728
1082	0.7374763326	0.1827016396
1083	0.7375031914	0.1826922933
1084	0.7375774353	0.1826664554
1085	0.7376086216	0.182655601
1086	0.7376259712	0.1826495622
1087	0.7376424636	0.1826438216
1088	0.7377041008	0.1826223655
1089	0.7377185951	0.1826173197
1090	0.7377546332	0.1826047732
1091	0.7377998133	0.1825890428
1092	0.7378407248	0.1825747974
1093	0.7378567818	0.1825692061
1094	0.7378728586	0.1825636076
1095	0.7378829693	0.1825600867
1096	0.7379102485	0.1825505867
1097	0.7379668194	0.1825308843
1098	0.7380056454	0.1825173608
1099	0.7380574607	0.1824993115
1100	0.7381109875	0.182480664
1101	0.738129352	0.1824742658
1102	0.7381525848	0.1824661712
1103	0.7381964614	0.1824508831
1104	0.7382354313	0.1824373035
1105	0.7382687708	0.1824256851
1106	0.7383120525	0.1824106009
1107	0.738335733	0.1824023474
1108	0.7383483757	0.1823979409
1109	0.7383836947	0.18238563
1110	0.7384360992	0.1823673622
1111	0.7384733898	0.1823543618
1112	0.7384996146	0.1823452188
1113	0.7385302238	0.1823345465
1114	0.7385824217	0.1823163456
1115	0.7386346747	0.1822981237
1116	0.7386863509	0.1822801012
1117	0.7387488616	0.1822582976
1118	0.7387644734	0.1822528518
1119	0.7388302751	0.1822298969
1120	0.7389036916	0.1822042821
1121	0.7389319072	0.1821944368
1122	0.7389530708	0.1821870518
1123	0.7389633076	0.1821834796
1124	0.7390237205	0.1821623966
1125	0.739048763	0.1821536565
1126	0.7390939383	0.1821378888
1127	0.7391325736	0.1821244027
1128	0.7391696141	0.1821114723
1129	0.7392027885	0.1820998908
1130	0.7392436342	0.1820856301
1131	0.7392849976	0.1820711876
1132	0.7392996863	0.1820660586
1133	0.7393336051	0.1820542142
1134	0.7393606514	0.1820447691
1135	0.7394132822	0.1820263881
1136	0.739431183	0.1820201359
1137	0.7394933094	0.1819984354
1138	0.7395703567	0.1819715195
1139	0.7396301077	0.1819506433
1140	0.7396518242	0.1819430552
1141	0.7396914794	0.1819291982
1142	0.7397938599	0.1818934179
1143	0.7398341835	0.1818793236
1144	0.7398665523	0.1818680089
1145	0.7398934104	0.1818586199
1146	0.7399035118	0.1818550886
1147	0.7399733452	0.1818306738
1148	0.7400151333	0.1818160625
1149	0.7400251088	0.1818125743
1150	0.7400902377	0.1817897991
1151	0.7401429927	0.1817713488
1152	0.7401895185	0.1817550756
1153	0.7402299874	0.1817409196
1154	0.7402591327	0.181730724
1155	0.7402812272	0.1817229945
1156	0.7403147092	0.1817112806
1157	0.7403792385	0.1816887024
1158	0.740441696	0.1816668465
1159	0.7404723253	0.1816561273
1160	0.7405266494	0.1816371143
1161	0.7405466525	0.1816301129
1162	0.7405727886	0.1816209643
1163	0.7406009167	0.1816111181
1164	0.7406325581	0.1816000413
1165	0.7406668657	0.1815880304
1166	0.7407160041	0.1815708259
1167	0.7407717756	0.1815512971
1168	0.74081717	0.1815354004
1169	0.7408350966	0.1815291223
1170	0.740864816	0.1815187136
1171	0.7409171358	0.1815003882
1172	0.740969968	0.1814818815
1173	0.7410262396	0.1814621679
1174	0.7410415348	0.1814568092
1175	0.7410924814	0.1814389587
1176	0.7411119324	0.1814321431
1177	0.7411361961	0.1814236407
1178	0.7411533419	0.1814176324
1179	0.7412078558	0.1813985278
1180	0.741282478	0.1813723729
1181	0.7413313402	0.1813552449
1182	0.7413878969	0.1813354175
1183	0.7414204736	0.181323996
1184	0.7414418053	0.1813165166
1185	0.7414699904	0.1813066338
1186	0.741538637	0.1812825613
1187	0.7415714216	0.1812710636
1188	0.7415833807	0.1812668692
1189	0.7416269936	0.1812515724
1190	0.7416639877	0.1812385961
1191	0.7417309855	0.181215093
1192	0.7417792669	0.1811981538
1193	0.7418145408	0.1811857773
1194	0.7418545618	0.181171734
1195	0.7419138755	0.181150919
1196	0.7419439549	0.1811403623
1197	0.7419609258	0.181134406
1198	0.7419925058	0.1811233216
1199	0.7420403744	0.1811065187
1200	0.7421208812	0.1810782557
1201	0.742163281	0.1810633689
1202	0.7422109802	0.1810466199
1203	0.7422551285	0.1810311165
1204	0.7422999738	0.1810153669
1205	0.7423346213	0.1810031979
1206	0.7423644104	0.1809927345
1207	0.7424136881	0.1809754245
1208	0.7424479424	0.1809633909
1209	0.7424869689	0.1809496798
1210	0.7425120011	0.1809408848
1211	0.7425382424	0.1809316644
1212	0.7425420071	0.1809303416
1213	0.7425720317	0.1809197913
1214	0.742603254	0.1809088195
1215	0.7426393192	0.180896145
1216	0.7426897929	0.1808784054
1217	0.7427386152	0.1808612446
1218	0.7428130926	0.180835063
1219	0.7428522141	0.1808213087
1220	0.7428851563	0.1808097262
1221	0.7429043421	0.1808029801
1222	0.7429663774	0.1807811656
1223	0.7429894653	0.1807730461
1224	0.7430131687	0.1807647098
1225	0.7431122631	0.1807298549
1226	0.7431606547	0.1807128315
1227	0.7432073837	0.1806963914
1228	0.7432417347	0.1806843052
1229	0.7432908213	0.1806670329
1230	0.7433063141	0.1806615811
1231	0.7433561229	0.1806440525
1232	0.7434130269	0.1806240248
1233	0.7434453516	0.180612647
1234	0.7435000428	0.1805933949
1235	0.7435321951	0.1805820758
1236	0.743574716	0.1805671054
1237	0.7436014506	0.1805576923
1238	0.7436424743	0.1805432472
1239	0.7436920139	0.1805258019
1240	0.7437304539	0.1805122641
1241	0.7437820431	0.1804940939
1242	0.7438177149	0.1804815288
1243	0.7438631137	0.1804655363
1244	0.7439050292	0.1804507696
1245	0.7439804369	0.1804242006
1246	0.7440135908	0.1804125179
1247	0.7440290705	0.180407063
1248	0.7440554172	0.1803977782
1249	0.7440983597	0.180382644
1250	0.7441298109	0.1803715589
1251	0.7441757756	0.1803553571
1252	0.7442259913	0.1803376552
1253	0.7442486735	0.1803296589
1254	0.7443128714	0.1803070245
1255	0.7443587427	0.1802908499
1256	0.7443927111	0.1802788714
1257	0.7444159874	0.1802706629
1258	0.744451624	0.1802580947
1259	0.7444702533	0.1802515242
1260	0.7445112117	0.1802370775
1261	0.7445330336	0.1802293801
1262	0.7445688287	0.1802167532
1263	0.7445844972	0.1802112257
1264	0.7446100385	0.180202215
1265	0.7446308296	0.1801948798
1266	0.7446758315	0.1801790019
1267	0.7447032011	0.1801693444
1268	0.744721307	0.1801629554
1269	0.7447308172	0.1801595995
1270	0.7448077337	0.180132455
1271	0.7448304124	0.1801244507
1272	0.7448431112	0.1801199686
1273	0.7448745051	0.1801088875
1274	0.74490919	0.180096644
1275	0.7449570527	0.1800797474
1276	0.745059972	0.1800434093
1277	0.7450869021	0.1800338998
1278	0.7451069091	0.1800268346
1279	0.7451521931	0.1800108422
1280	0.7451781956	0.1800016586
1281	0.7452102135	0.1799903498
1282	0.7452471929	0.1799772877
1283	0.7452802236	0.1799656196
1284	0.7453595169	0.1799376061
1285	0.745397665	0.1799241272
1286	0.7454176868	0.1799170526
1287	0.7454319219	0.1799120224
1288	0.7454672982	0.1798995211
1289	0.7455062649	0.1798857501
1290	0.7455365302	0.1798750535
1291	0.7455619244	0.1798660779
1292	0.7455674926	0.1798641098
1293	0.7455808407	0.1798593917
1294	0.7456475868	0.1798357973
1295	0.745673458	0.1798266512
1296	0.7457446346	0.179801486
1297	0.7457589728	0.1797964162
1298	0.7457894066	0.1797856546
1299	0.7458222558	0.1797740383
1300	0.7458479039	0.1797649679
1301	0.7458892018	0.179750362
1302	0.7459599646	0.1797253325
1303	0.7459680783	0.1797224624
1304	0.7460252809	0.1797022264
1305	0.7460926172	0.1796784027
1306	0.746115708	0.1796702323
1307	0.7461656087	0.1796525745
1308	0.7462128236	0.1796358654
1309	0.74624894	0.179623083
1310	0.7462863946	0.179609826
1311	0.7463347603	0.1795927055
1312	0.7463846252	0.1795750527
1313	0.7464341521	0.1795575178
1314	0.746484701	0.1795396194
1315	0.7465106843	0.1795304184
1316	0.7465652223	0.1795111045
1317	0.7466299202	0.1794881898
1318	0.7466828578	0.1794694383
1319	0.7467094356	0.1794600232
1320	0.7467441809	0.179447714
1321	0.7467617095	0.1794415038
1322	0.7467954787	0.1794295392
1323	0.7468374261	0.1794146759
1324	0.7468777649	0.1794003814
1325	0.7468861452	0.1793974116
1326	0.746952171	0.1793740118
1327	0.7470026507	0.1793561195
1328	0.747020531	0.1793497815
1329	0.7470326482	0.1793454862
1330	0.7470595217	0.1793359598
1331	0.7471355257	0.1793090141
1332	0.7471822291	0.1792924544
1333	0.7472176105	0.1792799081
1334	0.747256133	0.179266247
1335	0.747266659	0.179262514
1336	0.7473131588	0.1792460223
1337	0.747331135	0.1792396464
1338	0.7473630476	0.1792283268
1339	0.7473926881	0.1792178126
1340	0.7474343318	0.1792030394
1341	0.7474808833	0.1791865238
1342	0.7475320965	0.1791683526
1343	0.7476000353	0.179144244
1344	0.7476353953	0.1791316949
1345	0.7476785909	0.1791163639
1346	0.7477410147	0.179094206
1347	0.7477651051	0.1790856541
1348	0.7478712114	0.1790479827
1349	0.7479027894	0.1790367698
1350	0.7479254985	0.1790287058
1351	0.7479904235	0.1790056487
1352	0.7480083346	0.1789992874
1353	0.7480464164	0.1789857614
1354	0.7480715874	0.1789768205
1355	0.7481306397	0.1789558431
1356	0.7481534706	0.1789477321
1357	0.748173714	0.1789405401
1358	0.7482072372	0.1789286294
1359	0.7482339189	0.1789191489
1360	0.7482483033	0.1789140376
1361	0.7483064145	0.1788933873
1362	0.7483369022	0.1788825522
1363	0.7483652983	0.17887246
1364	0.7483938257	0.1788623204
1365	0.7484589213	0.1788391813
1366	0.7484813098	0.1788312223
1367	0.7485130266	0.1788199465
1368	0.7485630363	0.1788021659
1369	0.7485856894	0.1787941112
1370	0.7486152761	0.1787835906
1371	0.7486691553	0.1787644302
1372	0.7487081254	0.1787505705
1373	0.748794897	0.1787197064
1374	0.7488494072	0.1787003147
1375	0.7489393676	0.1786683073
1376	0.7489709131	0.1786570822
1377	0.7490349751	0.1786342843
1378	0.7490826973	0.1786172994
1379	0.7491182517	0.1786046441
1380	0.7491579092	0.1785905273
1381	0.7491683484	0.1785868111
1382	0.7491951596	0.1785772664
1383	0.7492430956	0.1785601999
1384	0.7492737863	0.1785492724
1385	0.7493004774	0.1785397684
1386	0.7493150119	0.1785345928
1387	0.749352663	0.178521185
1388	0.7493994187	0.1785045336
1389	0.7494634568	0.1784817248
1390	0.7494768561	0.1784769519
1391	0.7495164548	0.1784628459
1392	0.7495575942	0.17844819
1393	0.7496020242	0.1784323603
1394	0.7496402889	0.1784187262
1395	0.7496519401	0.1784145746
1396	0.7496846125	0.1784029319
1397	0.7497102682	0.1783937891
1398	0.7497183006	0.1783909266
1399	0.7497469293	0.1783807235
1400	0.7497718678	0.1783718352
1401	0.7497988305	0.178362225
1402	0.7498426552	0.1783466035
1403	0.7498749119	0.1783351046
1404	0.7498942018	0.1783282278
1405	0.7499307951	0.1783151816
1406	0.7499704939	0.1783010272
1407	0.7499897479	0.1782941618
1408	0.7500533082	0.1782714965
1409	0.7501192294	0.1782479862
1410	0.7501483536	0.1782375982
1411	0.7501781182	0.1782269813
1412	0.7502329438	0.1782074235
1413	0.7502707299	0.1781939429
1414	0.7502890447	0.1781874085
1415	0.7503138715	0.1781785504
1416	0.7503488582	0.1781660665
1417	0.7503861565	0.1781527569
1418	0.7504095013	0.1781444259
1419	0.750443083	0.1781324411
1420	0.7504573291	0.1781273567
1421	0.7505074435	0.1781094695
1422	0.750534437	0.1780998341
1423	0.7505537044	0.1780929562
1424	0.7505669715	0.1780882201
1425	0.7505974565	0.1780773371
1426	0.7506591745	0.1780553019
1427	0.7506819528	0.1780471687
1428	0.7507099904	0.1780371571
1429	0.7507360963	0.1780278347
1430	0.75075626	0.178020634
1431	0.7507827936	0.178011158
1432	0.7508425346	0.1779898208
1433	0.7508697568	0.1779800972
1434	0.7508747316	0.1779783202
1435	0.7509107241	0.1779654629
1436	0.7509493295	0.1779516713
1437	0.7509896976	0.1779372488
1438	0.7510259715	0.1779242881
1439	0.7510818002	0.1779043385
